{
  "project_info": {
    "project_number": "816954818598",
    "firebase_url": "https://mergwhats-8e21a.firebaseio.com",
    "project_id": "mergwhats-8e21a",
    "storage_bucket": "mergwhats-8e21a.appspot.com"
  },
  "client": [
    {
      "client_info": {
        "mobilesdk_app_id": "1:816954818598:android:bfbe7bf0619cee1f49e6e7",
        "android_client_info": {
          "package_name": "com.example.animewhats"
        }
      },
      "oauth_client": [
        {
          "client_id": "816954818598-40e2hv3i769avv6mnvemghgb11diguur.apps.googleusercontent.com",
          "client_type": 3
        }
      ],
      "api_key": [
        {
          "current_key": "AIzaSyABaVwgm-gzeX0gEUvgeOaLyCtJKICqRYQ"
        }
      ],
      "services": {
        "appinvite_service": {
          "other_platform_oauth_client": [
            {
              "client_id": "816954818598-40e2hv3i769avv6mnvemghgb11diguur.apps.googleusercontent.com",
              "client_type": 3
            }
          ]
        }
      }
    }
  ],
  "configuration_version": "1"
}